{
    "Accuracy": 0.6793,
    "Precision": 0.6115188456268049,
    "Recall": 0.9831999999980336,
    "F1": 0.7540455509112217,
    "TP": 